{
  "bomFormat": "CycloneDX",
  "specVersion": "1.4",
  "serialNumber": "urn:uuid:3e671687-395b-41f5-a30f-a58921a69b79",
  "version": 1,
  "metadata": {
    "component": {
      "group": "com.ainalyse",
      "name": "AInalyse",
      "version": "0.0.1-SNAPSHOT",
      "type": "application"
    }
  },
  "components": [
    {
      "type": "framework",
      "group": "org.springframework.boot",
      "name": "spring-boot-starter-parent",
      "version": "3.1.4",
      "licenses": [
        {
          "license": {
            "id": "Apache-2.0",
            "url": "https://www.apache.org/licenses/LICENSE-2.0"
          }
        }
      ],
      "purl": "pkg:maven/org.springframework.boot/spring-boot-starter-parent@3.1.4"
    },
    {
      "type": "library",
      "group": "org.springframework.boot",
      "name": "spring-boot-starter-web",
      "version": "3.1.4",
      "licenses": [
        {
          "license": {
            "id": "Apache-2.0"
          }
        }
      ],
      "purl": "pkg:maven/org.springframework.boot/spring-boot-starter-web@3.1.4"
    },
    {
      "type": "library",
      "group": "org.springframework.boot",
      "name": "spring-boot-starter-data-jpa",
      "version": "3.1.4",
      "licenses": [
        {
          "license": {
            "id": "Apache-2.0"
          }
        }
      ],
      "purl": "pkg:maven/org.springframework.boot/spring-boot-starter-data-jpa@3.1.4"
    },
    {
      "type": "library",
      "group": "mysql",
      "name": "mysql-connector-java",
      "version": "8.0.33",
      "licenses": [
        {
          "license": {
            "id": "GPL-2.0-with-classpath-exception",
            "name": "GNU General Public License, version 2 with Universal FOSS Exception"
          }
        }
      ],
      "purl": "pkg:maven/mysql/mysql-connector-java@8.0.33"
    },
    {
      "type": "library",
      "group": "org.projectlombok",
      "name": "lombok",
      "version": "1.18.30",
      "licenses": [
        {
          "license": {
            "id": "MIT"
          }
        }
      ],
      "purl": "pkg:maven/org.projectlombok/lombok@1.18.30"
    },
    {
      "type": "library",
      "group": "org.springdoc",
      "name": "springdoc-openapi-starter-webmvc-ui",
      "version": "2.1.0",
      "licenses": [
        {
          "license": {
            "id": "Apache-2.0"
          }
        }
      ],
      "purl": "pkg:maven/org.springdoc/springdoc-openapi-starter-webmvc-ui@2.1.0"
    },
    {
      "type": "library",
      "group": "com.google.genai",
      "name": "google-genai",
      "version": "1.27.0",
      "licenses": [
        {
          "license": {
            "id": "Apache-2.0"
          }
        }
      ],
      "purl": "pkg:maven/com.google.genai/google-genai@1.27.0"
    },
    {
      "type": "library",
      "group": "com.github.javaparser",
      "name": "javaparser-symbol-solver-core",
      "version": "3.25.4",
      "licenses": [
        {
          "license": {
            "name": "Apache License 2.0 or LGPL 3.0 (Dual Licensed)"
          }
        }
      ],
      "purl": "pkg:maven/com.github.javaparser/javaparser-symbol-solver-core@3.25.4"
    },
    {
      "type": "library",
      "group": "io.github.classgraph",
      "name": "classgraph",
      "version": "4.8.162",
      "licenses": [
        {
          "license": {
            "id": "MIT"
          }
        }
      ],
      "purl": "pkg:maven/io.github.classgraph/classgraph@4.8.162"
    },
    {
      "type": "library",
      "group": "org.springframework.boot",
      "name": "spring-boot-starter-webflux",
      "version": "3.1.4",
      "licenses": [
        {
          "license": {
            "id": "Apache-2.0"
          }
        }
      ],
      "purl": "pkg:maven/org.springframework.boot/spring-boot-starter-webflux@3.1.4"
    },
    {
      "type": "container",
      "name": "Base Image",
      "version": "17.0.10_7-jre",
      "description": "Eclipse Temurin JRE",
      "licenses": [
        {
          "license": {
            "id": "GPL-2.0-with-classpath-exception"
          }
        }
      ],
      "purl": "pkg:docker/eclipse-temurin@17.0.10_7-jre"
    }
  ]
}